id_code,centers,count_centers
38487e1a5b1f,420,5
49386d603494,381,5
6d10709053ae,37,5
3a643599f852,36,5
52230bbef30e,322,5
af3b0115aad1,291,5
e66855a5c583,230,5
9f5a8665cf2e,319,5
e135d7ba9a0e,147,5
c5a6f432a1ec,516,5
dce73d90c00c,566,5
0dbe6c26cedc,545,5
5ea9e447bb62,369,5
57a710de68a4,345,5
f8fc411092c7,239,5
7bc4dd99eee5,53,5
101b9ebfc720,240,5
aae8f9f3ef8c,163,5
4c9f0fdaaef7,40,5
a07d571bf7ba,31,5
5d9c841eb245,501,5
48fda42bd5d4,115,5
5d74f98d62be,405,5
2221cf5c7935,25,5
8d7bb0649a02,261,5
ec57cc20d776,533,5
210bfe0127c6,101,5
5c7ab966a3ee,127,5
cd45bfa07d41,515,5
cc1eebed9276,287,5
af8aa32beee4,322,5
7af4d8704032,560,5
03c85870824c,432,5
a384e688e228,148,5
20688cb25704,383,5
81371b0c01ad,192,5
5a93c0f783c4,108,5
c0e509786f7f,465,5
d1b279cc02ae,333,5
dc6fa1b38b83,177,5
9ed666e982cd,98,5
83d81ba5959c,504,5
2b10f138e67d,363,5
6733544ae7a6,290,5
0ae2dd2e09ea,305,5
29f44aea93a4,252,5
de38adaae009,219,5
c8905b8d5cf1,209,5
24b87f744598,233,5
fb767cea406c,330,5
875a2fc5fe23,16,5
201f6e10c108,581,5
d9c9b9786da3,93,5
166068a24416,480,5
d7a01fca9838,498,5
79cbae28d8b2,570,5
74eee788edee,233,5
941d874c8afb,342,5
8c29a76fa08c,72,5
12ef75375322,199,5
78bcdffb8785,378,5
e0b5a982a018,485,5
aba3063c5413,181,5
cd9e2190c73f,187,5
5ad3dabeb2cd,126,5
07a1c7073982,27,5
58f07741ee3b,536,5
92e3d608fd3c,212,5
3ffa14d60b24,233,5
b0eeae01b8ab,197,5
f3a268d2726d,171,5
f0860c21533b,407,5
5ead17e894ae,337,5
da2bdf4236ac,184,5
aa5ce75edcf5,418,5
4dd5d5ccddcf,433,5
e32dc722eca5,447,5
8f9819752ca0,157,5
a2dff8dbc9f8,132,5
2f7789c1e046,468,5
0684311afdfc,430,5
4927945ecfed,70,5
9f8112c710be,556,5
22098b1fe461,2,5
9122b31414d3,554,5
61d9c88a3a4b,497,5
84b472c49cfa,31,5
ca25745942b0,467,5
b5204c0decc7,230,5
7a238a1d3cf3,77,5
02358b47ea89,202,5
59bd19c1c5bb,242,5
4029d70e9d8a,299,5
3e61703b5ab2,263,5
9c14ce27cbfc,496,5
cec299c2a2d5,95,5
ca9c912ebad7,375,5
1541226c5d72,282,5
7a3ea1779b13,292,5
1e9224ccca95,396,5
f5650eb52640,490,5
b0d35981708b,78,5
acf976efd7ce,66,5
710b05a96e0f,374,5
c7d0deb71576,580,5
ee1ec90b980f,344,5
259d30f693b6,557,5
cd8da43e3069,574,5
6e68e742f5bc,373,5
baaca2f7e1f0,582,5
5dc23e440de3,223,5
d1f1ea894da1,88,5
c1ebe785503a,240,5
0a61bddab956,475,5
d16398c971e9,235,5
4e0656629d02,97,5
9a326446c431,237,5
46acc506fa61,169,5
2f4e81787d9b,477,5
936299166bea,274,5
9a159d4674cd,510,5
aafb0c944f14,585,5
2d9d97a6e713,476,5
0d310aba6373,138,5
4242c0d87f57,195,5
4a5a6efc0bef,318,5
310c27067ac0,69,5
276b14f72328,311,5
d436c06f0490,55,5
f451eee2b66b,593,5
33e8e26a75d4,177,5
ff4cd992667b,256,5
dee687c6e88a,253,5
157d17349cc6,547,5
50d8a8fb7737,154,5
4205e9deb058,199,5
94dcb491143f,466,5
457c7c927e27,306,5
513b0a4651fa,50,5
c406325360b1,266,5
d0d59ed675b5,450,5
de50dfa745f8,173,5
f6f3ea0d2693,396,5
628b581aa905,220,5
9e5737f771c3,543,5
8eeac97f02f0,207,5
686ed1dbae20,375,5
467b7d9d811c,134,5
991a0b7a8c87,489,5
6f3b62e5b7f5,31,5
0709652336e2,462,5
675de69373f8,36,5
26999ebc21de,300,5
475c7ded0f7a,471,5
81914ceb4e74,169,5
041f09eec1e8,247,5
bb733062f494,308,5
405b4f78658f,483,5
956765d5f46d,99,5
4c53cc97ea13,229,5
b1b3e7d0a5f3,443,5
6c00dd8bf708,286,5
a0a0cd8af5a6,405,5
b17f0b81dab3,328,5
aafe980edd0c,561,5
da0a1043abf7,68,5
f3bb996b45ce,160,5
ad20080452de,366,5
757e39293591,551,5
f71aca5a7dc3,351,5
12bc439d373a,589,5
d51b3fe0fa1b,374,5
bb5083fae98f,461,5
141735b57ec0,476,5
8ac0c44bbf24,116,5
f58cdfa968be,350,5
d26bc6e1230d,30,5
2c8101f14723,351,5
788ddb0b70b7,107,5
bd9904495ccd,360,5
ef7eb85b75fc,599,5
db49cdf1ea64,418,5
35aa7f5c2ec0,232,5
5d5b5da5f939,146,5
ace2281f00c4,506,5
fe0fc67c7980,58,5
1c9c583c10bf,422,5
67ed8cc78b97,546,5
db3cd58aa315,499,5
f0a2dc580009,508,5
c8fc0df22999,368,5
08f8838d69bb,273,5
357f02a779d7,210,5
2b4c7b5f1f1e,582,5
3f3de2a6b0f5,45,5
c755a0c4edcc,519,5
1c3a6b4449e9,404,5
06586082a24d,243,5
7b211d8bd249,313,5
1c0e5dd1b14c,260,5
b9bc81fcb075,599,5
3b0190bbe615,589,5
7a39c91416e2,146,5
77f69c7ff324,151,5
499c8df39222,435,5
bdff5d8bddf8,411,5
bacfb1029f6b,277,5
9033f1493da1,239,5
848e66b9e199,178,5
2a2a6435f7f3,318,5
8ff2733f6aef,413,5
4f5dd7660b17,368,5
6d0c0531083f,226,5
ac17cc18a994,558,5
944a233fbf8e,414,5
150f92b45349,598,5
69f43381317b,545,5
165cd2070ebd,360,5
09eeafa9656a,451,5
07751b94a88a,591,5
6fe4751a3b42,56,5
8714d17bb6da,49,5
405085b53d7b,286,5
57f933d3d7c7,246,5
bed8296c8dfe,350,5
07d8db76b301,427,5
e9678824215d,148,5
8185ce1cdcef,359,5
5db895d3f1fc,492,5
6b7cf869622a,251,5
4d9fc85a8259,189,5
7bc2e0fa3f72,251,5
dbb2c63f6f08,12,5
f06e7a9df795,151,5
7550966ef777,261,5
ba735b286d62,232,5
8bf2d925dc0c,342,5
af133a85ea0c,38,5
d659d7fd5ccf,441,5
523b3f0fc646,310,5
e23add229074,65,5
7b29e3783919,98,5
1409ab48175a,592,5
6dcde47060f9,141,5
e1b8acb1cea1,600,5
80e6e425f966,577,5
5e52c9fe676f,8,5
3b9c1f42c2f2,361,5
cb602182cde3,12,5
1414128bead0,34,5
af831c158744,261,5
5db2e3a4594a,557,5
111898ab463d,406,5
6666c4f18396,486,5
417f408ee8e0,209,5
16060f05d047,86,5
35cd9832fc0a,464,5
9b093fe95d6b,13,5
172df1330a60,406,5
33ffddea8c6e,267,5
c3e02d4a1798,208,5
f850cb51fdba,358,5
b90bc89ce8d8,41,5
263d8851e33b,539,5
1d2472849dce,365,5
974c7d7b9c64,103,5
1d55e689cf84,477,5
b70cb31b9abb,388,5
a9a28c37c8c4,324,5
7d626a7ffe76,54,5
e1fb532f55df,3,5
4c129470cec4,265,5
4faf4063db8c,572,5
9bbb6c455913,464,5
14515b8f19b6,260,5
86fbac86ed3e,304,5
7e5a76c4e103,502,5
8e67f2d7e0ee,48,5
31cb39681f6a,88,5
46923eea9a4e,404,5
1943983492e5,215,5
51af8c112682,75,5
0e0fc1d9810c,10,5
51af8a689511,597,5
20c883d3bd38,84,5
050bb1eafa76,509,5
69591ebb198d,301,5
6c30dd481717,532,5
164cd5a3a6cd,339,5
6110ecb3bb1c,225,5
ce8d2efd9d4f,548,5
b5a3ca5c0a80,333,5
1f07dae3cadb,395,5
a3957df90a78,131,5
913b1890ed1e,196,5
ca05f7e7801b,59,5
23175b7ef453,62,5
a47878630dc2,288,5
cb2201c226d6,581,5
a26f50218b84,133,5
90960ddf4d14,545,5
eda29a9d78f3,200,5
f583a722434c,246,5
bcc762618e7d,163,5
7347f5133a6a,87,5
cad5b1a82e60,340,5
13d014ccd136,598,5
cbc23af521f3,519,5
44855f666225,64,5
42af7282349b,249,5
b0c9a492e068,152,5
760b6f4c6d82,277,5
a8dea22ef903,48,5
080f66eedfb9,485,5
1594ca6c30d3,415,5
8191ae701985,74,5
84b79243e430,126,5
d8da9de62743,305,5
e087bd4b88f2,539,5
c8a3eb9a5b52,51,5
a73d012c4c38,161,5
8b568d47a1fd,577,5
93be637084a2,226,5
1f63d44d9e3c,394,5
a73c3d516c59,422,5
2cf18033da31,496,5
80feb1f7ca5e,411,5
7f2cce721e19,72,5
92587e494d51,500,5
08c60c647673,105,5
8a8a251770cd,9,5
98441214557f,595,5
ca63fe4f4b52,424,5
bcdc8db5423b,348,5
a77eb914b383,108,5
c21eb81de9fc,492,5
8329e80c10ac,555,5
6f923b60934b,431,5
d035c2bd9104,136,5
291f581d365e,470,5
5b068765e846,328,5
5cc6dea19614,117,5
bc92a61a1f9c,315,5
535682537302,588,5
f819c65b803c,520,5
c5b58cc992af,503,5
32a3eb37ff40,357,5
71a39c660432,78,5
71e4130bf5c8,453,5
4a3da369b227,453,5
19b0e3c734f5,228,5
fac399455195,425,5
97fdee242fea,99,5
7102f29e052e,279,5
bfe467b7e997,481,5
51da6aebba8f,28,5
9cc6b1f9bcbd,123,5
10f36b0239fb,205,5
5e7db41b3bee,92,5
badb5ff8d3c7,517,5
144b01e7b993,223,5
7fc3a8bb40de,275,5
a07d9a5045cb,67,5
a49b0b4484ea,343,5
8bed09514c3b,322,5
ea9e0fb6fb0b,239,5
ee78ce914066,343,5
d5b4705ac2ee,145,5
266fbefa58fb,86,5
af828dab3ffc,361,5
b0acd3593310,32,5
e19936582c61,24,5
91b7a4179ecf,422,5
06b71823f9cd,129,5
7ea756985353,357,5
30263a7d5609,105,5
0dce95217626,238,5
f9156aeffc5e,3,5
5ca779ace6e7,355,5
b95d4dd8e5e2,264,5
c7e827fc7f41,89,5
188219f2d9c6,352,5
1c7a013eeba7,354,5
3af9aaa880e9,577,5
547b37da9223,308,5
5728b8aa98ef,182,5
de55ed25e0e8,50,5
8aab201c0691,255,5
d5ad3362424c,61,5
1d37f1c8b6d8,345,5
4dd14c380696,526,5
ad1aa75d5630,540,5
7e9458de5707,295,5
ea7e21bab610,146,5
5879285f9d8d,436,5
ba08cee68c71,123,5
af6a1508cd95,107,5
58c12863f33d,354,5
929cd3867815,198,5
4860f7813654,120,5
9b418ce42c13,469,5
3f5b4c2948e8,573,5
31616ff6b53b,39,5
180afe1d5ef7,440,5
d5a39339ff3d,379,5
196e6a186452,95,5
07083738b75e,377,5
ee059945b08a,294,5
847b04287c9c,71,5
ab88081e5654,521,5
870fbe6eaa68,554,5
247e98aba610,439,5
226c6ceb9185,516,5
bba38f2294a3,29,5
00a8624548a9,141,5
fa6f3d8bb1d5,327,5
4d009cebabc9,312,5
18cde9649e90,539,5
08037e4490e5,462,5
453a1e2754b2,60,5
1bb0ddfe753a,343,5
40dd4e6e4444,243,5
25002fe43f92,246,5
66bfec8d6bcd,338,5
e65f94ad9be3,110,5
5bea250d8bf5,354,5
f8372e80f731,451,5
1e7ccd4a1c87,159,5
a484bdf85b4c,561,5
174db0854291,57,5
780f9daaa24b,126,5
291e2ff3d834,186,5
8dafa62f9322,113,5
70d0392397de,347,5
56e56aa08362,447,5
6c4ec95dd8ba,173,5
31452ad8808c,378,5
d4f32b9c07df,137,5
1fd5d860d4d7,400,5
13d71389563f,165,5
cfdbaef73a8b,108,5
bac1744955c2,275,5
d2dc86021c67,600,5
b37aae3c8fe1,290,5
2df07eb5779f,62,5
8acdf12f412a,201,5
ebf4b22240f4,564,5
c05b7b4c22fe,416,5
f8cf7ed8ef00,291,5
ae20112e7a1e,410,5
a15590a7d774,490,5
ed2ef440d22c,459,5
200d947f75db,379,5
bfa30ebf63a8,272,5
7fdb177b8f7d,346,5
fe674c2f73f5,439,5
00cc2b75cddd,567,5
94f9ecf4b8d2,99,5
a7ec056502e7,303,5
4a0890b08532,78,5
441848e0f308,517,5
9041eb43456e,384,5
436fa3fd145a,229,5
e2a47a74e6e1,357,5
30941b65348b,479,5
bda8c973b09d,361,5
6c6505a0c637,220,5
a673193cd5a9,23,5
a688f20f8895,131,5
4d47300e3ddb,24,5
7455e2b5fc57,442,5
9b70f84400af,114,5
3e1f8fecb06f,156,5
f2094a20b275,421,5
9c5dd3612f0c,403,5
b56340f472d2,445,5
15528e740543,33,5
d85ea1220a03,580,5
855f0a5442b6,181,5
6966abf40b8c,47,5
188a9323be03,17,5
bd375ba756b1,243,5
51d780864365,60,5
d6228d951958,512,5
b2aaa81cc8f0,457,5
f0e1201b5c1f,534,5
b8e20c076b03,203,5
e5f332efcbc7,263,5
6a2642131e4a,367,5
b351ae99413a,326,5
e26bcae6c67b,194,5
810d3779abd9,12,5
53704c80f0d8,467,5
63b4d030b016,476,5
8aa3c4681542,549,5
e17507a4a1f5,430,5
63c3c571b8ee,5,5
a0cd7bffdaa0,266,5
0a85a1e8f9e9,178,5
f233638e0e90,63,5
fdd18ccbbdc5,376,5
9c72ed6befa0,304,5
3218a6d8eb2c,392,5
1d14dd912671,252,5
fb6b8200b7f8,134,5
cf0575534cec,162,5
c56293f53191,48,5
8ab8d9b3ce3f,206,5
be197b663520,69,5
52ddde91a349,596,5
d2c2f02bb313,91,5
389552047476,561,5
45693d027798,167,5
2b21d293fdf2,432,5
bf7047dc683c,475,5
cd314653a4d8,493,5
45369821d6a3,356,5
a8c54e2a4b79,452,5
461fa5292fda,588,5
1120f6d08d95,193,5
83fda7c0500b,122,5
fbdc796290d4,268,5
a182b5b191de,360,5
d865997a6280,494,5
fb88783de055,7,5
ca30a97e9d13,276,5
e540d2e35d15,216,5
eba3acc42197,452,5
314862758acf,383,5
d39752cb6e57,230,5
fba493e17448,123,5
71e43b4f8ba6,571,5
0dbaa09a458c,480,5
0c43c79e8cfb,219,5
7b9d519cbd66,159,5
5905a9b06a73,246,5
5777ef74c9ec,419,5
14ee87d6cc42,316,5
1116271db4ea,419,5
01c7808d901d,235,5
8660e1864665,109,5
63b71347e95d,191,5
3e6bfc4d5c65,246,5
a7673ac44509,177,5
393fa5a023a5,286,5
1d46f1326394,566,5
bc34ed91c9bc,104,5
a4b8de38eac1,3,5
331b87d1b9d1,335,5
0a4e1a29ffff,109,5
d0926ed2c8e5,593,5
f8d62557ad0c,31,5
9a9b21215c55,28,5
ca891d37a43c,156,5
07596907347b,55,5
99240ee00485,596,5
521b5377a727,254,5
c3d12a23f451,76,5
a8e08e7fe016,450,5
7a46cfa69bae,44,5
ea4dcb055139,173,5
9fefe2b44795,400,5
7526c59c36d3,586,5
86b3a7929bec,456,5
3908b3cfd620,267,5
d3e56584a481,513,5
15e96e848b46,343,5
ebd96d853918,576,5
27fca9f12b3c,323,5
7e6e90a93aa5,252,5
d7bc00091cfc,366,5
cae51154e1ce,60,5
f0f89314e860,456,5
33d72035c27a,362,5
7d94a000c2d0,273,5
dee1031a76ae,393,5
18d8fdb140b7,206,5
5299a532f0e0,183,5
8b76c3c5cb3e,34,5
7ccb267fd394,322,5
9c514d2d5b3f,148,5
a125377fb985,409,5
ef48780f5d5f,555,5
207dd0487264,148,5
01f7bb8be950,284,5
07a0e34c8d20,40,5
b5b913358b32,275,5
e5de79795c1d,410,5
f18abfa690ab,64,5
7e77b61e1639,552,5
82e5bc01f8a4,556,5
6889bc64ab09,17,5
4c52922f3bfd,27,5
437cbec4a3f8,215,5
c6229222bf22,48,5
222d0ac042b4,28,5
6a91eb157f47,402,5
a443c4fd489c,271,5
bd500a73beae,210,5
ec363f48867b,383,5
8a482c024fc2,332,5
be521870a0ea,473,5
401fdfd0db07,334,5
7adfb8fc0621,588,5
67844c46bc61,215,5
1a7e3356b39c,58,5
bf7221a016b5,386,5
2376e5415458,176,5
aeab0a63bcaf,525,5
94076a9fb9b5,135,5
1002f3fe38f0,327,5
da0a83f074f3,192,5
76095c338728,85,5
9a78c6a7b1c2,482,5
c6d4e4a3bd4c,332,5
10a5026eb8e6,339,5
dc0f6e5b489b,494,5
4bd941611343,74,5
2b5bb6d33959,524,5
dc0eea0b68a7,202,5
bf87aedf2489,563,5
1f4bf8e28b41,445,5
9bf060db8376,300,5
4c17e85686f0,573,5
1608c82a263f,296,5
0f882877bf13,14,5
ab50123abadb,428,5
ef247f28004f,512,5
a53d6d2472a6,586,5
1269ab57c2e6,429,5
4a4cb731f91a,371,5
5264a54e1830,550,5
ea05c22d92e9,245,5
d6f36ec5564a,184,5
fce93caa4758,449,5
86722fcd802c,307,5
0fb1053285cf,455,5
934104859e68,69,5
0790515cf5af,597,5
c1819db0aece,26,5
7d1b40fdbd86,221,5
b762c29cf2f3,443,5
ca360bec5851,384,5
224c14366e11,559,5
252305189b3a,359,5
cca626a0e19a,474,5
4fd5ec0dca09,524,5
916ec976ff30,77,5
ff0740cb484a,405,5
a987aa7aac37,269,5
3ac92ac3d65a,372,5
1177d583c807,65,5
8a87dd2a784e,509,5
18b99159a14f,560,5
af5a0bc4e1fa,139,5
15e24b73d4a7,571,5
a188c60b93fb,61,5
c26f98f58350,371,5
23148a40ecb0,280,5
2d870833c0c9,323,5
254052cf3e48,259,5
8f1e7433a95d,425,5
594f69b503ad,205,5
05a5183c92d0,554,5
c5bec7f1e5f3,553,5
6af071b0ac6e,385,5
973b0facfa9b,570,5
4318b6adeb97,524,5
d88806d9ece9,217,5
be8697eb2078,228,5
b8297a2291f5,355,5
57760be09c03,486,5
b35cad8fe2d7,121,5
ceb32a193eff,214,5
da44f80b422b,302,5
523d0c2cb4d6,115,5
0afbeeef0ff7,224,5
f762c272c522,295,5
b7f0bc7d399e,347,5
e7d2c2c3b30f,39,5
6298468d7d75,279,5
d16e59a2b33a,126,5
26453eb7e989,19,5
e4210e7fe587,149,5
e0863b353093,153,5
8bdb891661a8,105,5
9b95d6203406,18,5
82ac8463fadd,26,5
8c2f0f04e1ed,436,5
bfda2fd0533a,238,5
a75bab2463d4,309,5
7f6ce40f306b,156,5
ab7991df166b,459,5
f549294e12e1,472,5
278aa860dffd,482,5
33b893e18eb3,90,5
0097f532ac9f,347,5
98d41bce73a8,371,5
f092febbf5c0,186,5
0edadb2aa127,58,5
2e26762daed5,208,5
e04f3c6619a3,353,5
c1799a6f5c65,280,5
af345c68e836,37,5
15cc2aef772a,414,5
a150ff5dfe07,313,5
78a577c3e0bf,29,5
ccea49708830,130,5
879744b9dc65,245,5
7d261f986bef,252,5
0851d6a69589,563,5
606daaf0bfc7,187,5
de57c9e9fa93,154,5
6061f5b7378d,20,5
c365c598ad4e,273,5
c0a117de7d0a,493,5
0423237770a7,103,5
86d6808f0609,155,5
0cb6b898389f,541,5
ca2b54b95ade,559,5
587146a55885,91,5
789f0ec1eab8,59,5
da3a2275c850,191,5
8cb6b5b2f19c,428,5
8eb3337a54e9,397,5
5ac7a414560e,336,5
a9dc80cba9a4,73,5
0babc12807b2,440,5
abdb365cacbc,323,5
e69b48516577,390,5
9c6512166557,350,5
49e4b95ee2dc,407,5
599498e9e4bc,542,5
5ba156a35ff2,146,5
8860c7b11530,247,5
4d167ca69ea8,211,5
9f37c98b8187,112,5
a528be013a04,561,5
64c6c6ee0d98,74,5
50f5201fd18a,350,5
0304bedad8fe,593,5
47536db39f00,213,5
d2c6b99ef62c,313,5
83a63c4a3e4a,568,5
f3b27ac2d371,595,5
4294a14c656a,163,5
63a03880939c,554,5
1da4a17c18c9,565,5
6bf26b777e3a,296,5
014508ccb9cb,473,5
3c78bfca247b,403,5
5265dc9acdf8,364,5
6dc07f968794,580,5
b92eacd1392a,326,5
13d411c85ffd,271,5
a3706ce27869,147,5
6253f23229b1,3,5
7a6e384a0846,325,5
2bd4d4fbed5c,11,5
b1197f2cc9b3,304,5
52edbe29d655,579,5
5b32ece9c627,26,5
521d3e264d71,58,5
b1f4122fd36a,335,5
4cf4d528c08e,516,5
6e3526053de0,187,5
7e980424868e,334,5
f9ecf1795804,484,5
ed3ce1674761,183,5
53f6c1c65c04,414,5
e68bdd36e589,101,5
a2ddabee14e9,430,5
d9311f7497cb,400,5
c7c0470bcf87,117,5
905cc86bf100,452,5
55fd453001cc,443,5
de18071c36e6,501,5
14e3f84445f7,456,5
789434d095d1,435,5
17d7d6b092f4,283,5
0c2e2369dfff,88,5
a2d349f567a6,585,5
5723d0ec895e,95,5
c252da9b41d8,257,5
aa94cc4bfd84,573,5
2209daf71aab,381,5
5b3e7197ac1c,52,5
27933cdbe0cc,566,5
80b5697f2a5e,50,5
7ddcfcea7369,503,5
975252e325e3,517,5
378963f9df22,378,5
887c26fc0e1f,486,5
904b03ad5594,110,5
cd29c88c9e36,100,5
1dfe599d12a9,533,5
573ea80a53be,372,5
82088c6734e6,50,5
c56e65f74187,64,5
bf811911acf9,182,5
e81f4a2fbbdc,203,5
d99dd99be001,57,5
3f6bccf21ce8,583,5
1638404f385c,456,5
e7578d8dba72,506,5
2700754f71e9,188,5
43f22d1be8dd,524,5
1601c939412f,568,5
51d0034d177d,154,5
61bbc11fe503,94,5
8cb6b0efaaac,399,5
1ca35d483772,592,5
d0ffa0425ef1,82,5
247ac63e5510,401,5
a3fcf42ff56d,43,5
b5e6ae31493c,286,5
19ef4d292196,468,5
9b0eb9f41da4,83,5
4eabad7948cf,20,5
dfc7ec7db0e0,146,5
cbd0870aa933,483,5
7a06ea127e02,597,5
22895c89792f,408,5
4cde86044ad1,212,5
83df53d58f28,338,5
e76a9cbb2a8c,421,5
568455854a11,510,5
ff4955e76894,454,5
921433215353,417,5
0a902c80d5da,37,5
9e7a63b2fc6a,149,5
4e85aa647534,507,5
8a25a080f28f,80,5
5a27b9b2a9c1,418,5
ef81cd8854cb,367,5
fb696a8e055a,88,5
bfaa0080ab61,440,5
3486f7096276,97,5
d1a60c3b9fe5,558,5
857230f64a2e,361,5
d30d079e6f9a,332,5
2cacdb0dffae,553,5
6d454444f17c,402,5
d1f7ea924a01,493,5
6d7d26025122,461,5
1124ffcd76c2,442,5
b7278b4f2448,111,5
e582e56e7942,318,5
0e82bcacc475,289,5
8c4ceddeb1c6,537,5
5e97cb2b0888,459,5
c446985355f1,556,5
08a3875063c3,51,5
6194e0fff071,49,5
77e15f213b04,132,5
1f31701dd61b,581,5
5173d54fc214,196,5
1dbdc32c17db,19,5
e59c5f345bb0,334,5
cc964bf04dbc,570,5
e499434242cc,451,5
c027e5482e8c,292,5
61bbe8db6f3a,475,5
bd06028eb7dd,269,5
c57c164bca05,150,5
e9f3c85a2a02,23,5
c9d42d7534e0,387,5
48a45619d1a3,511,5
342edf9b889d,488,5
10eefba568dd,248,5
e019b3e0f33d,420,5
898f0bc8acfa,528,5
59fee5bc3479,251,5
0dc8d25b3f69,314,5
e8d1c6c07cf2,487,5
f5a8c6426a71,287,5
599b89048034,426,5
838c87c63422,52,5
308f7fce6f0d,83,5
9985375d709f,586,5
eedae6b28f96,284,5
d5c63a8d9e94,587,5
c5ba9e455d5e,373,5
82bb8a01935f,205,5
e6f0ce5bf282,172,5
e4a44f9158dc,331,5
840a06a9c690,599,5
ea9c41e1ced0,242,5
cc3d2e961768,373,5
060e00d1e2ab,168,5
c0202976c670,392,5
875d2ffcbf47,182,5
c561bcd519e9,387,5
5bda2ed09e62,466,5
c3789c1dab96,546,5
1ee1eb7943db,396,5
eae901557a84,216,5
a88365134c3c,145,5
000c1434d8d7,278,5
6324d77cf926,331,5
5dd2e26fc244,22,5
f9e779a13204,444,5
e067b06fd655,587,5
c94f37085d0f,55,5
d7ac4a0c9760,592,5
cd93a472e5cd,136,5
99ecdb41d5e7,285,5
71c22da3d6c6,507,5
dd19428c3d29,390,5
b83a6eca125f,264,5
df5ce3ea7820,379,5
e3b47ed5b511,158,5
dd3176bacfe2,518,5
86d58f850a0c,63,5
7270367410a1,348,5
72c31aa48e2c,578,5
96c3e3db68bc,517,5
7aabd768abff,214,5
f85c78201a50,578,5
6ea07d19b4ce,65,5
1faf8664816c,562,5
df8365d6ac33,137,5
0151781fe50b,130,5
fd079d2e93a2,589,5
ff1e940105f9,582,5
8d4d14a4ab07,591,5
38fe9f854046,364,5
51e656e5a541,501,5
bab776139279,510,5
6f689fced922,9,5
63e041a757eb,138,5
3f47f83217b5,438,5
ab653b8554c0,175,5
5d4e5fd34d91,274,5
c96f743915b5,484,5
7a77c3eb468c,315,5
3b185ac445d0,12,5
52dbec057cc8,11,5
807135cbc438,127,5
75a071608ea6,298,5
8688f3d0fcaf,174,5
c613db1cab27,377,5
e47452069ea1,494,5
59e5212f7139,445,5
17f6c7072f61,333,5
6e92b1c5ac8e,432,5
ab1c20a94f3f,22,5
531b39880c32,316,5
6630f8675a97,81,5
8ead8f37423c,44,5
8ff863f8874f,470,5
6df8b7b6e837,128,5
dec5595e6154,359,5
96b5474ae604,580,5
70f5caf5f305,136,5
62318d514160,82,5
df6d13d04da1,329,5
04efb1a284cc,135,5
4c60f6fcea75,254,5
4158c340fa49,412,5
65e6f1bd9875,159,5
c373b73a80c8,531,5
5cde55f745af,512,5
28f73575e1f2,537,5
d81b6ed83bc2,397,5
e42d9a94a66d,213,5
a64273801bde,387,5
1a90fad9ffa2,443,5
add1d681d712,29,5
55968f0e63c4,147,5
f2c0b41acd05,537,5
8f06ca4642bd,495,5
b085caa513a8,422,5
312694ea8e6a,84,5
fc603cbedb41,323,5
e1418d28d668,171,5
388f12e8df0b,441,5
1b8701231c8f,316,5
2f9b66784109,217,5
a12ca80bb8c7,317,5
ca7140ecf389,406,5
2735be026d44,313,5
70ed3ec68b94,376,5
25b4080f598b,534,5
0e0003ddd8df,594,5
86e7f98f73f1,208,5
ce887b196c23,457,5
f91cfa82b9d4,535,5
a62ea0043aa7,434,5
f72ef9ceeaa8,387,5
dcf109df1a2b,535,5
44878f34e31f,555,5
d567a1a22d33,287,5
91e82fe4e434,584,5
977e1ca77653,434,5
6ccfdb031184,459,5
0db1d8dcf219,530,5
d868acdccb5b,52,5
abe940882578,210,5
d7e5fe5245e0,482,5
03a7f4a5786f,101,5
496155f71d0a,211,5
1db18bdd43aa,304,5
c80f79579fed,463,5
a8652b2de23f,280,5
4393c5bc576a,20,5
37c523296d42,353,5
901a3552fe26,297,5
fe3b0e50be78,46,5
99c626e58464,317,5
c4a8f2fcf6e8,434,5
3f6c627e2ff2,267,5
f0098e9d4aee,461,5
fa9bece586fc,173,5
80d24897669f,133,5
232549883508,436,5
51a078d6d43a,590,5
c6916bc42016,96,5
283c3aeba594,274,5
0c917c372572,89,5
4aa3d771c5e4,191,5
dd90c321d7bc,531,5
97a235367f9d,547,5
e4d3d437b0a8,211,5
edceb0657d77,267,5
1438288bb2e1,140,5
7ce671f952be,356,5
bacfa2b8e706,338,5
48afe8c47454,258,5
cf8ae5501bd6,572,5
a80dab8eddf4,186,5
5ce5eeaf757a,544,5
24f271c87e73,32,5
5b0e53f53ef3,390,5
e1ab92228e60,406,5
08c17a2d95b7,249,5
aa9cfe639ef1,285,5
cf0824f53dd9,424,5
3cd801ffdbf0,420,5
b77b88926843,56,5
e10190a9d52f,104,5
c102db7634d8,10,5
3e3a3955b9c5,188,5
8b58f9a338e8,546,5
ff77e8e5b5f3,152,5
67d8f94f04e0,497,5
64fedbf97473,94,5
6d6be4cfc73f,57,5
81d79d53ed7b,311,5
958c1fa044ba,556,5
77543f66a84a,18,5
cbe633765ea7,174,5
996f57c86ba5,377,5
07419eddd6be,129,5
3aa2b1ce6700,309,5
42a850acd2ac,399,5
e4c799738a19,297,5
4e7694eebb91,335,5
1cb6961d141c,495,5
66a0bf258013,419,5
69c4cbb630de,222,5
ffd97f8cd5aa,563,5
4ffa38550c95,513,5
95e732e043a1,448,5
a32886cb31ab,172,5
c80b0f27541a,151,5
ef4121e9bb67,336,5
d803598dabda,446,5
237c078d00fc,76,5
09237bf783a4,578,5
f0800723bc63,431,5
a61723fc38c2,66,5
c013e869acce,533,5
f1dc26c4bfa3,453,5
00b74780d31d,385,5
203275daf46d,87,5
3710ff45299c,584,5
5a0fe0ee4301,549,5
0212dd31f623,564,5
633fe9dbaf39,219,5
3c28fd846b43,565,5
6e018411ba4a,4,5
f00ce9b9d6f4,589,5
57a5e4274275,363,5
441117562359,253,5
c6f5b5b5be41,552,5
2cdcc910778d,532,5
523ff163211b,111,5
87295c5fa1cc,30,5
093cf723fede,495,5
de4cdabbce6d,491,5
6b91e99c9408,542,5
17188c13e635,92,5
6294b378d09f,511,5
25dc1b41ed9c,45,5
e150935f66a6,576,5
a0fd94e2ad76,558,5
059bc89df7f4,486,5
3abac0961bfd,598,5
f62b8a076833,341,5
a70d0f12a641,333,5
7bda86d95c5b,303,5
6180920bc224,286,5
0e43c8298fc0,543,5
3a4cfea0a766,79,5
d1cf31577a59,35,5
033f2b43de6d,95,5
404ede327e98,542,5
3f82631e9080,532,5
b8dab47a260e,161,5
2399d68d407f,500,5
a0e635689259,498,5
64eb5a79dfdd,276,5
28f98cfe3858,471,5
f5e9a307288c,190,5
cfb17a7cc8d4,210,5
5a091e8cd95c,449,5
ed2c06fcc573,262,5
3cdda8b3df19,152,5
415f2d2bd2a1,166,5
096436d68d06,33,5
aec51513cf45,537,5
484dbeb9bf2a,515,5
e60e4edb3ca9,338,5
cac40227d3b2,460,5
e25ccfe38e44,46,5
3dec415b188a,113,5
b16dd4483ca5,491,5
b70e7c26f51e,574,5
a9d0c900b6a9,119,5
93a1b984de84,573,5
9cedf5c7016b,32,5
4e6071b73120,80,5
01eb826f6467,104,5
9fab29e69a6b,223,5
7743f4e04a6d,261,5
54038e56131d,370,5
9be0683649ff,502,5
4a589edaea60,144,5
8f14bca04b47,540,5
b73d0bcd3d33,513,5
beb2ad14fd2d,128,5
a9b3177f01c0,495,5
80964d8e0863,428,5
e6a5e4718873,595,5
eed4afc8ec83,59,5
9eaf735cf01f,292,5
77a1f1398fdb,179,5
15b21c80cc31,50,5
ffcf7b45f213,451,5
5e505e25cd3e,546,5
36ec36c301c1,442,5
eae70f527755,600,5
c87493ed320c,377,5
2628305cbb29,475,5
bb85097857fa,222,5
2fe06bedb2c4,198,5
1ae8c165fd53,427,5
b963a11638f2,391,5
85fce24084da,106,5
891329021e12,47,5
93421787f520,557,5
2a5a8b744f08,419,5
e3a7671f787b,413,5
ddb222ff7c1d,317,5
f901d460517c,522,5
578109578b46,194,5
025a169a0bb0,590,5
5188a8afa879,255,5
7ba6b23c4b46,187,5
a3bd2e034614,256,5
9039cbfcbb2f,518,5
3694e8c8e09a,178,5
90a786abe58e,355,5
aa10a4b2e709,269,5
b50b30aa6e6c,106,5
9bd008aab548,113,5
28503940d10b,37,5
2cfe8703f265,325,5
a2163f0c2af5,266,5
a56230242a95,474,5
992b9a07b25f,385,5
9c088d2d1559,24,5
0ac436400db4,235,5
2f284b6a1940,461,5
6d4f6c9a8406,553,5
9d62478042b6,178,5
41345cec5957,351,5
36865bbc64d6,16,5
0519b934f6b1,110,5
92fcf50b3562,544,5
57db4781e7ec,559,5
4a96c28f3f07,503,5
2a2274bcb00a,339,5
737ef6226677,96,5
4d3de40ced3a,30,5
f9e1c439d4c8,450,5
77ab222bf85c,524,5
2e79041ef722,119,5
2a8a9e957a6c,454,5
f02956bd7c50,537,5
475300735b7f,191,5
9f935fb38440,462,5
992599744a23,294,5
234399352d36,465,5
e663c6627a95,437,5
d871895742b1,237,5
e724866f5084,190,5
7ed4128b2a4e,583,5
abf0f56c6f12,463,5
873fe0404d6e,10,5
33778d136069,179,5
42985aa2e32f,460,5
6107a2e9f60e,35,5
d48178e4a49b,395,5
b9519abce0c1,283,5
d51e5d7484ea,160,5
a02dfd67a925,390,5
b3d135bd3bb5,137,5
80ca40196225,295,5
bde1063a5dd7,33,5
3fd7df6099e3,278,5
daff5427c9b2,511,5
f6d760566a51,565,5
8ae049175db6,94,5
873dcc0b468f,440,5
8650d32f4a9e,192,5
281d7b7c7676,87,5
99c6a123ed6a,199,5
db6207e62c7b,507,5
a3132c8828e4,514,5
525acfea47e8,416,5
d6e26fe51dce,401,5
6cdd0f985270,111,5
876deb29f000,541,5
79d44db3da2d,68,5
ee6e39319b39,466,5
7a6495a39d87,347,5
a5a2a7003d60,316,5
62e6f814c8f5,444,5
39134907127a,241,5
bfd5c0e55420,388,5
f7508f14dd7b,283,5
dbd062558b81,426,5
76e6a9238570,384,5
9870ce41cac4,495,5
78937523f7a8,548,5
bf1b7e21e774,512,5
bffca6eeb2bf,86,5
2fdffb6160a6,482,5
9a3c03a5ad0f,380,5
aa8a1e814811,22,5
fe2df69676cf,478,5
0161338f53cc,460,5
b96b518596b3,53,5
aed4e743c230,470,5
4f46d7ee61ed,264,5
eabf421f94d0,327,5
598b8f5b3822,508,5
1a03a7970337,74,5
613bacb35c05,476,5
8ffa608170d3,254,5
19722bff5a09,479,5
9d9bfefa809c,125,5
4189d4e631ec,83,5
8d4ff745a409,167,5
fcc32dffd24d,204,5
8846b09384a4,284,5
32d7d360d891,56,5
5712e2aa73a2,102,5
ef8109305128,90,5
cf1b9d26d38d,471,5
842d697884f6,315,5
55eb405ec71e,279,5
06be1092a062,499,5
bc23f74e14dd,195,5
9e2a8135f471,23,5
8ef2eb8c51c4,395,5
260a455692b5,523,5
a86c6283fd78,307,5
9688c6ef5dc5,367,5
ad944bd56bb6,371,5
d4be0403e6ab,567,5
217dad18a5ed,58,5
2a3a1ed1c285,432,5
cd4e7f9fa1a9,469,5
94145d1f42cf,526,5
7356dd08b0ae,5,5
d85588ff2ebd,439,5
4dd4a4bf2421,157,5
b46b09a45f39,69,5
7635921c5efb,317,5
9be71d6d7e59,26,5
349f3c0ac83e,209,5
b4f41b5bf0ef,450,5
e77a93c3d9a9,118,5
b402b18d99a5,307,5
1e143fa3de57,223,5
39fd8ef3a45c,59,5
4926dea289f8,167,5
f0c13be90519,433,5
155e2df6bfcf,329,5
4c5ab774a381,222,5
8dfa629ca74e,174,5
d952dbfb0fe4,335,5
731b19a460ad,38,5
803120c5d287,403,5
df84e7113003,324,5
a3d2a0c4cd17,277,5
3461dc601cc2,234,5
7d37a2939f12,312,5
20d5fdd450ae,257,5
0a09aa7356c0,238,5
3ee17aa12e46,438,5
26cd40b57ad1,591,5
269f0792f11f,138,5
f58d37d48e42,43,5
08ee569d4721,369,5
1ab8d3431ffc,249,5
a82a12ad3fb1,108,5
da949aa67a4f,530,5
f994a3b07935,562,5
4ef7144e24ff,435,5
eb050765b323,596,5
299086c6d1b5,165,5
5511f114e7ee,531,5
51a1d162e223,143,5
9878db94d9f3,16,5
daad7b617f21,550,5
fdd534271f3d,1,5
1e1fb019710d,404,5
a1b28bcbce00,423,5
e3ab63dc9a60,110,5
ca7f5caddf96,77,5
1d674e2e32e0,299,5
dd285d9e97fe,70,5
e5197d77ec68,99,5
b576c5269ad1,231,5
780f9c237c56,199,5
5c85d22bd0de,212,5
ccd6dcb2f568,351,5
9b7b6e4db1d5,408,5
4f6abc40c72d,593,5
4958bfcc9f38,157,5
a1eb88562239,587,5
97a5ad7548b7,320,5
0ca0aee4d57e,207,5
e1900014dabf,455,5
a47432cd41e7,429,5
2bbcfdc477db,80,5
8a67f1efa315,38,5
762d6e5d5068,54,5
6ba5ed791444,389,5
152db3de8120,535,5
a06b353e7bed,513,5
c947bb6cf9f6,243,5
91cf56d3d1af,435,5
445a8a6da55c,157,5
a8c950a99107,358,5
c0a0828e01b4,303,5
d2cd47ed2c1d,527,5
76bc31e0d3be,535,5
f4d3169b468a,269,5
91e8af9ceee9,172,5
d4583e9525dc,20,5
5347b4c8e9b3,433,5
ace287a5c991,46,5
f72adcac5638,198,5
3a122851e526,197,5
b842b43cb7fb,520,5
f57cf3b6f48e,363,5
4c389d033cb0,491,5
0369f3efe69b,68,5
12ce6a1a1f31,412,5
8e3b79e1f1f7,25,5
a76132e79688,169,5
c2f3281cf528,183,5
2bb3c492d6d3,142,5
b71428739d4e,394,5
c568e5245ea5,425,5
240b25a7debe,139,5
80e7cc0a0649,123,5
7179f85bfd6f,337,5
b759cbef90c5,593,5
519c6e8f78dc,525,5
218c822a3dd9,194,5
0da321efbce6,152,5
6c3745a222da,552,5
8af6a4e5396f,189,5
b746a6681ba9,233,5
a0d04a19cf40,38,5
869bbd3170cc,231,5
ea6a53e54d0f,133,5
3cab32dd6ef9,561,5
1c47815f4a6b,219,5
a4ee03ecff60,464,5
a06a63d866b2,573,5
ab32db41c409,310,5
8446826853d0,395,5
874f8c1929f6,569,5
6810410187a0,465,5
4036471a1bb7,503,5
799cb4c816ae,244,5
4ccfa0b4e96c,179,5
34a7dbd3f05c,540,5
febfb20dc311,568,5
b640e3bdff75,344,5
a14bbd9a583e,91,5
d1fa0f744620,526,5
e907d23cce3d,540,5
55034b1dbff2,257,5
b69c224edd6e,386,5
74898f372d2b,45,5
e03a74e7d74f,220,5
11b5c77fbf79,112,5
8676427e4625,218,5
29b52f64d2db,2,5
65f5d2a6eb7e,553,5
d15ca3469b87,149,5
ffec9a18a3ce,289,5
98f48850ebce,188,5
76be29bb30b2,118,5
d141728fa392,413,5
4b422b48d0d4,14,5
6d5a8362dd1e,390,5
0b2ea8f268cf,27,5
2d558de2cabe,527,5
0fd16b64697e,468,5
3599029efeb3,180,5
453d553b0a94,477,5
1db0393cdbc1,496,5
ac2c814949f9,264,5
d2d523e9f669,541,5
8564b7aa3c1a,575,5
2db0cd3e30da,107,5
912fbe06407e,200,5
b033ab4fb723,468,5
09f6ab477654,319,5
a93f1ea3ff4a,131,5
8000a6b97a84,81,5
5a179c123fd8,410,5
18ce0cdc473d,122,5
3f752fcccec0,84,5
eb1ad14dd281,308,5
83d6e40c869f,364,5
1f543a86c4d4,349,5
2eba4279e503,586,5
10fca1abf338,458,5
fbfa925506f6,514,5
6cee2e148520,140,5
367c7049929c,269,5
28a4d00927b7,288,5
5e18af29d812,404,5
f64b6e85f1c9,564,5
9e99ae6ee7af,507,5
97da093947e8,402,5
0773a1c326ad,514,5
4ccee4db09b6,536,5
39b5b05d6cd9,123,5
13c191b59ed0,516,5
12a82fc7d73e,477,5
966c07831334,36,5
8acffaf1f4b9,490,5
1002b5151b8e,341,5
bfb578c0e8d8,296,5
959bb2d01091,526,5
ababe19ed448,8,5
7c52fe73e748,379,5
6fbaaf8eb67a,550,5
f69400b316a7,155,5
f36cb007a1ef,583,5
21abd36095a1,409,5
ee2c2a5f7d0e,139,5
c1e6fa1ad314,416,5
8b079e79035f,266,5
9f4132bd6ed6,408,5
0da632ca45e0,527,5
ff344e5c9341,441,5
a0b7ad98df57,345,5
462937ece243,22,5
1a19f2ef4472,202,5
f002ce614c59,40,5
3a61e690f4bb,29,5
48543037d0b3,444,5
05b1bb2bdb81,121,5
92f313287a29,406,5
09935d72892b,213,5
d4bc001f7224,523,5
0efc93ec838b,116,5
c67117c6ab3b,34,5
69df7ade0575,250,5
150fc7127582,346,5
f3cd489acbee,253,5
41ab357d103f,192,5
98fbe56dcc2c,430,5
82910bba4753,138,5
5baed382f062,498,5
7bf981d9c7fe,479,5
b927a9238434,411,5
1d0b93317aa8,545,5
a32b5ce3d48a,244,5
2ecbc2e3f239,392,5
4a7dc013e802,117,5
191a711852bd,250,5
2821998fc002,345,5
cf6551521a35,538,5
1b32e1d775ea,389,5
359bab5d784b,113,5
54f57cf26126,398,5
d6df4fe492ec,96,5
d6803e467592,369,5
5257cb536da2,118,5
bca2bdc15fc5,288,5
b8ebedd382de,429,5
5eb311bcb5f9,457,5
ab03d50bba2f,532,5
1cb814ed6332,408,5
3402124408ea,450,5
92d9e9f08709,6,5
e251bdf05b85,139,5
50915e2329a1,372,5
1c4f3aa4df06,447,5
650fbed3fdca,258,5
9a4f370d341b,155,5
2b2f5a0f880d,533,5
c1c8550508e0,380,5
d93b61dc8f64,249,5
8ee50c26fc13,493,5
e9286ddf6ffe,81,5
c12e9ca420a5,541,5
ce207b69ff37,349,5
094858f005ab,368,5
384db24ebbd7,272,5
1df0431bfa73,528,5
07122e268a1d,474,5
3ce2f8a77a32,506,5
026dcd9af143,458,5
cb2f3c5d71a7,305,5
91e2c2890c9f,28,5
1ae3c58759fb,67,5
356304d15a5c,365,5
ca6842bfcbc9,102,5
838b3e4d0bb4,142,5
6cfb7b44ef6f,515,5
7f0ffeb0a333,150,5
3f73c91b7e32,287,5
cff262ed8f4c,176,5
b468ebf5cb11,106,5
5cab3ef4b31c,92,5
b402daa0864c,402,5
18b06f56ab27,245,5
a11bf2edd470,64,5
44ecf3f4efa5,265,5
30db694bee42,543,5
18b7e34eab8f,367,5
1caba2fb38f6,365,5
e265c870f9b3,481,5
42a67337fa8e,171,5
0cd31078cd08,509,5
7da558d92100,363,5
0d744aed4d64,268,5
6c9c902a97de,55,5
89b044cbaf85,314,5
4dc2211a1c31,176,5
1b3647865779,508,5
f42b693a9414,502,5
cb0cc98d7e35,414,5
518e880613de,375,5
9910c827e2fe,224,5
87b1938994b5,388,5
57a5f1015504,348,5
1d74c4713e21,462,5
e1c02f6c3362,508,5
a5bb85afc6e8,144,5
5f70ad48a525,432,5
4e82c3c8d31f,488,5
b7bd4a6627b6,555,5
d0079cc188e9,452,5
4464bb62bf20,294,5
fc782722a50c,369,5
b67ae80f7eba,114,5
b99afe7137fb,75,5
7dee6bf8b9c1,455,5
9d98a0b585f2,158,5
ee77763a6afb,488,5
9ed6c2b25767,46,5
070f67572d03,307,5
7526cf435753,337,5
ffc04fed30e6,521,5
83b61051737f,253,5
5321ab64f9ea,563,5
8785b71238d8,128,5
099021fac3c9,229,5
2a08ed6bbcbc,475,5
885fa5fc5da8,44,5
45e4b7eada54,162,5
92b0d27fc0ec,259,5
a627eb8c08c5,130,5
6e092b306fe1,407,5
7b20210d9120,189,5
2532613a584a,389,5
a21b37719f9b,484,5
bebb3f167654,328,5
99132193eaa0,454,5
4d21ce39c905,100,5
aef9016557ca,197,5
bdb98063fe84,306,5
a9e984b57556,457,5
d3d578fe433f,282,5
034cb07a550f,453,5
086d41d17da8,487,5
9095d43fb132,310,5
40140a925c43,314,5
64678182d8a8,437,5
ee02294cc3d9,62,5
ec6659926105,547,5
73a07e2ea23e,130,5
b06dabab4f09,421,5
f8f5942b690e,551,5
1efa5d443707,255,5
658ad9f09f5d,36,5
571bbdbf585e,329,5
46f56c38051f,285,5
c97472ef2c66,521,5
01d9477b1171,341,5
df4913ca3712,374,5
5a36cea278ae,427,5
6852f4531591,327,5
83038ca49b6d,370,5
5b3d41626ec5,332,5
971bb98ab935,519,5
d02b79fc3200,298,5
e246cd89e1cc,9,5
069f43616fab,2,5
354b8911d6ed,426,5
184a185e7447,423,5
0afdfe5f422c,261,5
7a42443ed106,124,5
fb1b8771c70a,124,5
596f4fdb0004,228,5
12025b34deb8,75,5
bd34a0639575,167,5
8d9516ea3587,584,5
f1a761c68559,420,5
c334f8688b77,225,5
0981195eb9fb,129,5
df841a0440d8,155,5
ce754234d760,581,5
e82232a3c28b,572,5
df4aec4a0eaf,320,5
73e83a07a16d,94,5
6735931000ec,380,5
ad570b850a4f,234,5
5bf3357a2823,504,5
b9c7c5182075,7,5
b294927b14b0,595,5
f3b6b7ca1eb1,307,5
306c841af3fc,73,5
e16af45285e5,175,5
26fc2358a38d,346,5
94b9ccc73bb9,341,5
a790a3b36390,381,5
61a62b1dcc36,523,5
3206171db5be,53,5
27e4c800a449,522,5
2ef4a04aed1b,297,5
04ac765f91a1,449,5
e632e38fd2d4,386,5
1c5e6cdc7ee1,411,5
cbf0394039f8,461,5
f66c4ee86629,311,5
3d2ecffe0386,500,5
2131aa3a1e6f,233,5
0e3572b5884a,359,5
94372043d55b,238,5
2d07162a13b1,382,5
28751f290ba3,272,5
66d2ca47aa44,119,5
930fee99213a,359,5
0dc031c94225,162,5
b89938407ee6,179,5
012a242ac6ff,395,5
15bed5adde74,2,5
7350c50667c5,446,5
8e6df9eedcd8,290,5
d06ccd0cf4b8,214,5
58b866484a05,443,5
a8e88d4891c4,468,5
74211a2b6dcf,142,5
22ce8ef69357,238,5
5a03fe3ed15c,134,5
cfd1bd0fcbb4,391,5
1c5ad36fb799,384,5
0a3202889f4d,276,5
c096131ad065,570,5
b65ff67743b2,280,5
85cbb84ac8e0,314,5
8a7765e785fb,489,5
6b30767595d8,540,5
9785805af1b8,18,5
0182152c50de,273,5
25a0a1e41afd,71,5
6d6fcf49e515,571,5
7ec0e61a7e29,71,5
922586d86cd8,227,5
bb08949dd70a,391,5
996f9bba4ef0,26,5
b191ba0a2b12,83,5
4350a1b2f3cb,588,5
76e5b50f95a7,562,5
318eb706a134,504,5
0c7e82daf5a0,143,5
fe06dad6851c,362,5
d99b0f7dd9b9,565,5
2b3a4a81d748,559,5
7e0598cc88a0,73,5
135575dc57c9,392,5
79ce83c07588,414,5
348598d01e18,590,5
3178559fbf57,79,5
7b8c78b41c0d,28,5
90a9a41eec6d,366,5
8114d6a160df,299,5
fc4d69128e7c,151,5
2cceb07ff706,474,5
ae5d31979f19,418,5
b553e7909535,271,5
352e4a939242,76,5
cd01672507c9,284,5
d74ccc796517,585,5
97f290d31813,325,5
9ac41b9a809e,185,5
77baa08a1345,140,5
c23ff6dcf15e,372,5
a44345b27804,555,5
cd54d022e37d,248,5
47e51065b819,217,5
ae8472f8d310,165,5
d1cad012a254,226,5
5486da4273d7,442,5
5056fa7d505f,422,5
10ecc5292ab1,484,5
94b1d8ad35ec,448,5
a8c9fcdbc0be,204,5
cc9270f06b65,234,5
e29e54ff921e,366,5
687759336b0d,107,5
916915f01e17,158,5
0fffa73e2402,485,5
d2901144070c,63,5
d29096bd94aa,470,5
2d3f4094c08a,352,5
b0d6417bad3e,216,5
f7116e7b2f4e,599,5
f5733f77273d,354,5
143db89c11c8,211,5
c261b1aaa828,376,5
a821b6ecef33,350,5
75a4343b12f9,485,5
c01eae4b4939,11,5
02dda30d3acf,213,5
eb1d37b71fd1,262,5
11b220a397b8,363,5
d364423ec6f9,62,5
5814cbd2e9bf,57,5
d838d5b9f571,72,5
00e4ddff966a,438,5
d9ba044671e1,65,5
bdc6c60e9133,528,5
ca1036496659,380,5
6504b703c429,124,5
384e6c915722,150,5
9d1feed37610,158,5
a95d9d61ddd4,211,5
aabd867043cf,589,5
5a5d3798c357,299,5
c0968d41eb93,445,5
7c90ab025331,416,5
91a88d3b0358,476,5
4dbce359d0e1,308,5
d844a7252f4e,241,5
4a558a1cd243,240,5
df0886f1e76b,543,5
3c726de3ee90,324,5
d91273efb92a,258,5
25e9fd872182,295,5
bff51afc76d4,347,5
d25b8a8ad3c4,117,5
0415fc68b176,127,5
b55d2ddb3e75,223,5
63c0eafd6aa9,23,5
222f3ee3a1e8,52,5
9a7bd084395e,74,5
f6f7dba7104d,446,5
5cf9127f251a,453,5
9b57e43b44e7,177,5
28f93cad89c5,426,5
6bcce181be65,35,5
19113e5f45ec,115,5
aeed1f251ceb,465,5
8010c931321f,227,5
3cdef7c591cc,36,5
d57d1be1bbd1,77,5
75238d945315,48,5
6089fa333013,140,5
8c0d05233238,119,5
5633ced07d8e,165,5
2a93334f663a,565,5
ad2f0b9d059c,19,5
6e44f6d04fc9,576,5
6daef3e5ca22,125,5
384631079d1e,478,5
dea7538bb91a,393,5
0f364b7d4384,386,5
2967e578939f,127,5
052d9a3fe55a,127,5
b87f9c59748b,232,5
a1b12fdce6c3,92,5
870f433e8f37,93,5
345b1f0abbba,193,5
f2d2a0c92034,403,5
3c42512c81e0,70,5
2a3378bcfbcc,181,5
62b826899151,566,5
7e4019ac7f5a,282,5
582115961a3d,454,5
9a28d4e8aef0,241,5
504a69096fcb,571,5
3ddb86eb530e,121,5
65e530ee2e79,310,5
5b2648ad455e,535,5
a45c30da0c72,459,5
b4e15102cd7a,202,5
48c72dec46e5,280,5
2a47e5b21791,244,5
084c02cf077f,548,5
cf8f1bc7a215,542,5
ad6b07d5c338,499,5
e580676516b0,177,5
b43440c6ebe4,77,5
89d2a7403a06,195,5
b6fd109b1bc9,120,5
be6cbf6e5b10,525,5
1f5496352859,504,5
87d46b1cc4e9,521,5
ef26625121b3,91,5
7d11dbc1e738,519,5
be161517d3ac,469,5
2a099b247b10,394,5
abbb8791785e,333,5
9f436886e056,342,5
eb32a815f78c,25,5
2408799a09b2,567,5
88e5051f65bd,511,5
36677b70b1ef,479,5
e12f9f19d1be,283,5
97bf61736b86,384,5
6fe67fd7f5d1,578,5
f361060eda3e,236,5
31b5d6fb0256,24,5
6fb656d506b2,442,5
a86128b601a7,66,5
665ce639a331,428,5
4462fba1d2a1,257,5
be68322c7223,302,5
fe37f4492920,522,5
84c663f39632,1,5
e52ed5c29c5e,217,5
47d1603a555b,153,5
674057ab250c,118,5
5c6194562ed2,463,5
e32a359be36d,289,5
e9129ce55fd7,325,5
0ad7f631dedb,164,5
8bf05909e1e1,267,5
8d62ba9cb22a,151,5
8ab3faa3701f,531,5
da6bbb76d562,95,5
b2748ac28fc1,205,5
f68690db78d3,130,5
aa6673241154,82,5
aeb6f4fd2eed,274,5
09c8323c612e,577,5
702de9dcde32,490,5
83e529e95b0e,321,5
cd01f4f83336,508,5
03747397839f,409,5
cc671a73e1cb,318,5
84b88e8d3bca,108,5
61f403fdb434,170,5
586f5c56081e,67,5
e4e343eaae2a,427,5
fca1a8738b8a,600,5
999115d9386b,428,5
6b869f37cdf3,162,5
e037643244b7,344,5
f71333204618,237,5
756b0d6488bb,291,5
7f39c36469b5,7,5
a85cda5f725d,326,5
63363410389a,382,5
cadde4030858,66,5
e893e86dde94,21,5
b7a1bb106051,560,5
df9cb3729eb1,538,5
f633c474e8b8,70,5
b019a49787c1,3,5
7e70344b0c25,398,5
b665041e1633,171,5
4a05f81b3aba,423,5
82d364726a58,101,5
0a9ec1e99ce4,256,5
4ad6109706e8,218,5
80c67efc8101,598,5
360832d84ce0,530,5
653534ded339,281,5
7efc91af4ae6,251,5
4289af3afbd2,125,5
1ade1e949383,156,5
9568eb7e9c08,154,5
fd48cf452e9d,240,5
b574d229ec4c,131,5
c3a82acb7d7a,65,5
4ab8c0cece7f,44,5
b1c6f0997e27,270,5
7bc00e58d419,548,5
7828dd083cdc,327,5
3b73a3a4a734,102,5
8a234d68b27e,8,5
be21d8b60e2a,144,5
2af1bf226f51,290,5
2d7666b8884f,49,5
50ddd7d976df,311,5
44c869174e3a,360,5
753b14c27c83,412,5
d27ac9e54901,575,5
d1ca85af57c9,298,5
4e4a6224a04e,522,5
b11dcdcbc8c8,152,5
fea14b3d44b0,483,5
94111ed3d276,80,5
8f10e41a2f02,569,5
39923b29988a,88,5
d10d315f123f,431,5
0a74c92e287c,521,5
2b48daf24be0,262,5
d990a3f0cbdb,399,5
d83d0695e215,239,5
f920ccd926db,397,5
2fefb720869a,539,5
1b8ad0afe9fb,112,5
ef7a4ed8d5d1,179,5
ed2c52c14493,221,5
c597ef460944,383,5
3748349334f6,239,5
7be1b9aa78aa,103,5
ae94ce412de9,204,5
53327edb9e4d,549,5
05195a3db5e2,139,5
1f3f32efaf20,161,5
262ad704319c,15,5
878e356c8fc9,200,5
e1dc02a3dc2a,135,5
9de9421f17e3,334,5
dcc6c0ad5cad,288,5
10f10fd30718,562,5
529906ff9dfa,175,5
e9ab8413e771,142,5
4826d10030b3,236,5
e50b0174690d,55,5
4c570172778b,39,5
4cae247d9909,221,5
59ee65760535,25,5
df3adfd6ba36,289,5
46c1548d730e,89,5
668a319c2d23,109,5
e868c3da340b,312,5
d144144a2f3f,421,5
b7aca95b97b9,316,5
fca931da5c5e,218,5
9a56cfb980ec,512,5
1dfbede13143,378,5
51131b48f9d4,399,5
c70d09370109,557,5
b498b84d383f,104,5
4ee1ad981a6d,40,5
3732de8b416f,339,5
435414ccccf7,531,5
58af2c054ced,596,5
3ca8be3b40d6,505,5
5b1c4cefeb24,184,5
a879c3569552,38,5
0c55d58bebaf,300,5
a01c590c444f,186,5
7f1f3269f546,37,5
fe3f62695b2d,71,5
876e1dd12d38,411,5
1b495ac025b7,232,5
d2c5fb82fe5f,544,5
555d0bef3c5b,166,5
cb75210abebe,53,5
d85d052900b4,231,5
0fe31196e0e8,9,5
f999c6921e6d,321,5
f69835dc7c50,415,5
ae8424cdb029,98,5
e529c5757d64,529,5
d7bc62d60e8c,122,5
545df1bbcd61,56,5
6c2555a9cae4,90,5
aa0afc41ed19,292,5
ea4ce9516144,132,5
c62585bd68fb,112,5
b99794a0beed,282,5
ed3a0fc5b546,232,5
c704bd669f36,281,5
fd87b6b2e664,103,5
0ce062f26edc,410,5
b0f0fa677d5f,571,5
d911dd40c63b,201,5
6b3860e8f64f,326,5
e66ad813a508,242,5
38e0e28d35d3,210,5
cac80797770f,14,5
da8900ac7f29,417,5
07a0be6b347f,274,5
fdbc252813b1,520,5
187f6ccda87a,10,5
73d40ce06a67,93,5
165c548185f8,185,5
2f143453bb71,101,5
1633f8291a80,491,5
ba0107fb1bfd,158,5
b549af91bd30,464,5
80b5a9519aec,209,5
3a1ecf5e2839,306,5
726dff37edc0,518,5
1cc58b15f466,61,5
b77b8a1f09f1,60,5
a19ecd0a706e,153,5
95a4cc805c7b,4,5
54b322c66d01,340,5
b64e1eef3d63,502,5
e12df54e0d1e,126,5
8a3eb86ae4bd,539,5
194814669fee,89,5
a8263d248523,296,5
29a13e666266,281,5
35ac70c0d08f,225,5
8a01daa423f7,416,5
4ed31cc07366,125,5
92d8a7c8e718,8,5
0cecc2864b7f,46,5
33596a635b53,493,5
c8823cdaf7fa,483,5
d9bbdc33db83,15,5
f6f433f3306f,5,5
c7c3d363bc86,61,5
4731e708ede3,505,5
789c60cba801,516,5
0abf0c485f66,263,5
1ab3f1c71a5f,401,5
fa59221cf464,13,5
ff52392372d3,420,5
2ef955d6d9ff,341,5
274f5029189b,439,5
27e2be850a99,404,5
d9d2631f043c,193,5
e7fc93ac5b6d,289,5
b187b3c93afb,448,5
cab3dfa7962d,434,5
a1edf0e66592,85,5
7435e9a3e36e,180,5
d9e58e4d8689,295,5
5078caaf1f57,63,5
aaaadb174012,136,5
2585bbc91909,511,5
ff8a0b45c789,255,5
02da652c74b8,569,5
44e0d56e9d42,106,5
66375b3c64db,471,5
87774aafe068,53,5
48c49f662f7d,279,5
6762b2b48ea5,429,5
f531232ecb55,124,5
c9485c38fdd5,293,5
f2f569a64949,536,5
7ae69d22075a,585,5
6f0e5848d9ce,594,5
537e50fdf22e,6,5
fcc6aa6755e6,13,5
482088e6be44,492,5
8af50c9d0a86,32,5
a8854768549f,506,5
103abbd8b63e,371,5
02685f13cefd,458,5
ac1667fac512,564,5
32ed318235b8,563,5
498f143c0374,81,5
4beeca5cc859,552,5
1f4fb37e0854,114,5
d2afca74cbc3,510,5
ef99c499d665,85,5
2608e1dac5b1,376,5
f9aa35187bf3,582,5
b9127e38d9b9,487,5
6e092caa065f,576,5
c9f0dc2c8b43,403,5
107aea0d9289,382,5
3254e48c8aa0,329,5
29580bed2f7d,82,5
d78b7401096f,150,5
b8f1b30877db,181,5
0b3efe669365,263,5
b598bc9753c2,161,5
f9d8ff3e6592,499,5
8a81f62320d6,560,5
576e189d23d4,456,5
7c629b491d1a,43,5
300305ce82d2,349,5
c6a145742708,400,5
3286073a976e,337,5
2dc647e00ad3,170,5
03fd50da928d,400,5
144a1a426137,579,5
34acae864963,398,5
aa841de1ee82,40,5
e4dcca36ceb4,591,5
3bf3085ac167,574,5
e5f73f2855c0,175,5
11d8e5eaee5b,166,5
64b9206afb3f,329,5
d0b132d2c7ec,271,5
16ce555748d8,189,5
a804cef3e51f,452,5
b07bc463b718,234,5
d18f6431ebce,599,5
9a94e0316ee3,262,5
946545473380,85,5
7b49041cbf17,291,5
c85b79d70079,214,5
55092c0071eb,133,5
50916d67bb51,569,5
0953c0ac1735,189,5
362c4a96cebb,68,5
b9b6ee2b9453,75,5
bc7bf19b84e3,583,5
b22cc1bf0b8a,167,5
0a38b552372d,160,5
e4730ddde408,39,5
2f81ee5f2926,494,5
3ee4841936ef,467,5
e933923aab15,298,5
d516f77d4516,494,5
ba25f947f4ec,401,5
66b88a4bc474,491,5
a5c9a8c726b2,394,5
de2eb5c8aa83,529,5
13073f075a56,370,5
ab78a66dee6a,367,5
eeaea2c5ff34,263,5
5b5b80a3edee,276,5
5f13e8a07344,5,5
e6a6acf7fca1,312,5
12ab2f6397f0,59,5
3f0d3629d69e,501,5
d8cdb7d7283a,358,5
e33766353db2,352,5
ad312ca98202,568,5
abf09c44d5f4,260,5
437900a99871,76,5
684dd88a0d49,393,5
9a3109657ac1,328,5
92889b863ae6,122,5
bb783d8e496f,455,5
de778495a1cd,264,5
1df0a4c23c95,192,5
ba2ea9182090,576,5
0180bfa26c0b,447,5
976082127e2a,551,5
5b644a403e1f,98,5
a15652b22ab8,265,5
962cf85e4f6d,164,5
0d9a9896f801,93,5
639915f58a2f,148,5
e2a233493b90,287,5
c68dfa021d62,190,5
05cd0178ccfe,172,5
27bab1432f61,181,5
c9c563864ab1,526,5
33e7bf536fc5,178,5
65e120143825,34,5
69fff98cb32a,309,5
04aef84a2cc1,515,5
ca0f1a17c8e5,245,5
a247961a5cd9,166,5
6c315ad3d07f,1,5
246e4506824a,388,5
001639a390f0,301,5
4aa07d720638,153,5
01b3aed3ed4c,433,5
757572337fd0,51,5
d94e10f42861,252,5
a6b6d27c1b32,544,5
3cd9713c0ecb,579,5
5288f7441f64,340,5
8e7981855125,407,5
d9a475dfe59a,149,5
962c0fc85e13,222,5
9c893e16c055,554,5
79059d0592c4,447,5
cd48cfab4e44,203,5
ff03f74667df,42,5
51cfeccaf40d,388,5
5d024177e214,241,5
84b4da14bc23,281,5
c1896142a20a,54,5
4409965eb2a4,326,5
c4aef0d88d1b,271,5
0da09e3ce8f1,396,5
61e301bd3c25,279,5
022f820027b8,525,5
a6c9e96a10d7,18,5
4384fa687afa,430,5
0e94cd271c00,356,5
b21abe5d9722,362,5
e30a890600e1,470,5
e160a3b19911,398,5
cd563556cb57,133,5
fe0e2dee1834,498,5
ab724603ee93,502,5
1fddd7c98fd2,296,5
d6b109c82067,169,5
3dfc50108072,244,5
932181b93b2f,424,5
3796af4d987a,293,5
aa9b8f05f4bf,424,5
c6e1e9fbf39b,436,5
4ce74e5eb51d,190,5
c5ad60521f8c,389,5
6dfd80748e72,437,5
1e4b3b823b95,34,5
269b44e628eb,195,5
2682e6da9050,203,5
bf6cbccacf39,514,5
41960d5f58c2,122,5
dde43aa22ae6,419,5
6653ad026901,572,5
ae49cc60f251,227,5
82f2784ead76,361,5
bd5013540a13,408,5
691eeb59b4cb,356,5
64bad93fde3f,163,5
bf9cba745efc,355,5
68987fb159ab,56,5
e811f39a1243,6,5
8b26d3cd61e8,51,5
a3ad6c2db6f1,436,5
bf7b4eae7ad0,185,5
e7defafeb957,125,5
a386ec9aabde,165,5
94a67ec0714f,300,5
1bf30c84bbad,299,5
c06024f05a16,569,5
8596a24a14bd,218,5
62ab144d5cee,278,5
39aa3cd93c50,97,5
18621b9ca978,518,5
8e2a3978c244,227,5
b72f59b85f7c,488,5
b9b99dad668d,454,5
4eaf2f81819d,567,5
07929d32b5b3,24,5
3b4a5fcbe5e0,374,5
ea68b58a6e8f,67,5
ad3fc5076852,484,5
38055d8b9f08,431,5
18af532e7e1e,14,5
b8ac328009e0,405,5
d332d7b8a26e,597,5
4528fbbd43a3,182,5
35beb47fe159,72,5
f366fb1cc475,584,5
8a9bef2fbd4e,84,5
03e25101e8e8,27,5
3fd45879afe6,365,5
7ccf9d25dc48,191,5
5ed6dc419e4d,11,5
f47a2a4a0411,245,5
3435fd8675a2,112,5
a8eb35b3bcd2,164,5
9b32e8ef0ca0,265,5
a28bfb772f50,156,5
ea5c42a78979,297,5
e2161692a0b4,293,5
c3aa424eff9a,283,5
b6304c545f95,195,5
d9ad2a0ec026,305,5
5a444c32cd9a,568,5
e31c42a8652b,5,5
da1fb35f5df9,383,5
a8b3c0961d42,423,5
bc8c6a778cde,532,5
9858cc2ae073,496,5
895fe2bfc5b6,533,5
53273d664cd8,562,5
ae975c43bd8b,144,5
197af0de76e2,558,5
7347bd23ba80,268,5
2b07790a2422,43,5
0551676cc2aa,33,5
65c958379680,312,5
4df6a81b476e,197,5
541db13517e2,143,5
a81b06f50612,129,5
ea1d045f9fea,472,5
e7b5dd5bab1f,147,5
e12b67835e03,558,5
54334705a34d,42,5
f1979147aad4,159,5
8241e43408a8,71,5
3b2b91590590,79,5
e16fc934069f,49,5
7a12f49e29df,159,5
9ad92f1c1542,27,5
22325552a4e3,87,5
a2b995b81692,336,5
e39b627cf648,487,5
1da25637859b,490,5
224bb938e2dd,100,5
4dd7b322f342,114,5
a1e236fbc863,473,5
43bc7c066dfb,559,5
983c98354e9c,9,5
07a3be30563b,415,5
7335a2d43ada,205,5
4246ed634f25,323,5
f580566e27f5,114,5
e2ec22b3d07e,393,5
e6a58edc5b42,379,5
7ee6de71c140,464,5
8fd7ad26e691,349,5
57f5ad4b5b29,393,5
33b91def2035,519,5
1ca91751be4d,578,5
6cffc6c6851a,497,5
6b664ed2a938,492,5
e6552b7432b3,86,5
2fb3a8606a77,313,5
3b232b394e4f,176,5
dbee04ae6426,92,5
8201cab8322d,19,5
77a9538b8362,293,5
98277aeb96a7,505,5
ef8c39eb9157,542,5
ff4832d55461,492,5
a87f53bc984a,106,5
d56d32a1d62d,500,5
cb28adab4e8a,536,5
6f460f9968c7,331,5
0bf37ca3156a,385,5
1891698febce,194,5
0083ee8054ee,259,5
f02057c41256,311,5
4b5ffea77373,208,5
c62cef02efa2,584,5
75369248dba0,591,5
29192375ab1b,356,5
fce73678f650,305,5
524f240e0c90,206,5
237aa50edc34,382,5
a2b97d98f130,193,5
51cd8d2057fa,144,5
62cc7ddb53b6,241,5
8273fdb4405e,429,5
9519a590985d,594,5
a2811f512c1c,331,5
9ae54843c69a,412,5
44f4ae58990e,357,5
12058bbb8299,44,5
a9bc2f892cb3,63,5
a34fc5376669,169,5
e12d41e7b221,277,5
677f087cd697,438,5
90bde2ff8953,236,5
7c2e852171c0,585,5
90b8bf342032,39,5
4ec7796df40e,168,5
f23902998c21,487,5
093a42649c29,207,5
ceaa5803d780,141,5
6e1db8711879,546,5
91f3c4c1e72b,105,5
beeca5f14618,418,5
e4ae1ee6aada,224,5
1a0dbc6c0cda,70,5
42b08dca9b2f,434,5
236f56771ec6,186,5
de730033c683,173,5
3b018e8b7303,121,5
3dbc90c7ee7d,97,5
215d2b7c3fde,517,5
89ee1fa16f90,22,5
4ef0b485a7da,21,5
b3d12069e1c5,385,5
a721efb1e049,78,5
19545647508e,587,5
7eee3d1f1268,381,5
454a944eb557,538,5
ffa47f6a7bf4,43,5
28824d12d31d,235,5
5152bf091152,301,5
2d04cead4d3a,530,5
290ecdba359f,413,5
ae1344610ebe,255,5
63c7b0265775,193,5
bec0acd539b2,373,5
e599151ca14b,343,5
80dbeb0fdc75,547,5
821789e9053f,224,5
5cbe88914a72,336,5
0f495d87656a,357,5
1c6d119c3d70,474,5
812d5adafaf2,441,5
1623e8e3adc4,441,5
08b6e3240858,35,5
5077cdb88aed,315,5
8b8fe3fc8950,99,5
98e44127872f,586,5
51269b77d312,321,5
bda91b76095b,203,5
8db2ce991101,97,5
328d141ed3aa,583,5
cd5714db652d,231,5
b91ef82e723a,62,5
04579e31e4be,574,5
9904939ab83d,477,5
66366a90d1ef,128,5
c7b622ec8104,433,5
8e4a354e3da2,362,5
8fc09fecd22f,226,5
57469423a012,376,5
b99c825b93c5,302,5
dfea19863428,102,5
c90c6b94cf40,544,5
eaa0dfbd5024,482,5
23fca0693e2a,396,5
9fa02dfb5553,336,5
b3819a805dca,149,5
18f1f979d30d,84,5
e756495c11cb,153,5
d1a24527a15d,460,5
73ef3c3dcbe4,381,5
3c311c9109b0,262,5
6d259b5b4c76,472,5
1e4650743fa2,259,5
6a57a3db3eff,547,5
d51c2153d151,285,5
ed6704e3b72e,321,5
0318598cfd16,25,5
a11c62cb3f86,61,5
274f4de2a59d,96,5
5b994ff78547,166,5
c73c5f6ef664,324,5
7131bf4c9e6f,550,5
bcb0498ed2c1,35,5
26d9576e8043,507,5
5445255635f0,128,5
d67374d3fa2a,590,5
0d8f60ed9280,529,5
13ab8db8c700,137,5
784d6d302f98,200,5
49419f8d5cb4,303,5
1b862fb6f65d,66,5
851e40a21f81,201,5
d95959798b57,314,5
f3a4751af42e,230,5
07a2b8cabf6b,135,5
2f8d14a7d390,288,5
46d3316c4857,91,5
bf8092e4001d,13,5
62ecdc90dd42,281,5
d18b1d8ac4de,319,5
e47770a2e5d1,4,5
d160ebef4117,337,5
d994203deb64,248,5
005b95c28852,527,5
12e6e66c80a7,17,5
22a6da005395,164,5
d81338217fc5,251,5
de16416220de,466,5
9232dc06cfdc,21,5
4276b82e4489,534,5
6d292ca4c9ad,339,5
19244004583f,116,5
8c87bd748996,349,5
165634a6167e,202,5
79540be95177,248,5
a8582e346df0,102,5
65e51e18242b,328,5
8f2996b8d855,438,5
7831ce1d895e,79,5
b09101adb478,57,5
0125fbd2e791,549,5
4e54ccfd49b2,183,5
35777eb7859d,256,5
191348830ddf,107,5
a3802934bad7,17,5
cc839823755b,413,5
668e853258cd,209,5
c3cd0200df79,8,5
9f1b14dfa14c,528,5
0124dffecf29,463,5
7d48f8cdfb69,510,5
242fc19be06f,145,5
b9d0b83d70c3,340,5
436e7a7af761,132,5
382752f6694a,90,5
a476fd984005,472,5
1864d3411143,362,5
c3b15bf9b4bc,168,5
3fe282197c1c,340,5
331121c65e88,506,5
3580a545016d,590,5
7ec1ffe8220b,481,5
76516f828d88,227,5
e55188915f9d,87,5
c5e238aa18be,368,5
b7ce561a7328,236,5
44271f3cb18f,514,5
4f60129e9a5b,364,5
d2ffe9287dc7,348,5
5a2c27b95c7c,449,5
65dda202653d,33,5
493d99f030e2,180,5
8ead17dfb6a6,538,5
358d2224de73,478,5
96ea316ed0ab,462,5
663a923d5398,75,5
c48ae5da188e,104,5
15c24478ac72,161,5
e06cccc08c59,212,5
fa9f1bc03f21,225,5
e03e70bc8bba,426,5
e387311a840e,216,5
e7291472109b,275,5
daeaa5d8cf70,19,5
4f7755e74a9e,399,5
ba4e62c11cc0,268,5
6531070bf03c,364,5
d88c4843aec3,145,5
a06e41bd2634,237,5
0ceb222f6629,116,5
44e951e45dca,480,5
8bc6716c2238,45,5
8e63fc4ab532,409,5
c52bb7343387,260,5
fc4c2d35c6f8,111,5
bda7ff3b1562,320,5
d3dfd0a2dee6,496,5
4c60b10a3a6a,140,5
77e7c7a160c8,366,5
58184d6fd087,440,5
4dd71fc7f22b,29,5
f252046c0fe6,47,5
f4e68b61f480,120,5
a3b2e93d058b,278,5
bfefa7344e7d,580,5
e9ce5bf645ab,370,5
57ce57a8cfb0,306,5
c58e5c0c5b33,575,5
5327f88a1919,170,5
4478b870e549,226,5
21037f5c7790,582,5
3b9817a39adf,7,5
f80118bbda18,306,5
eda1d75cbcf0,30,5
6de39b94f634,168,5
a1faeb4d5f10,72,5
8448af27ba07,332,5
efff2f1a35f5,218,5
910bfd38e2f5,100,5
763ad1236efe,331,5
2b88cb6e31cd,405,5
2c827005b8f8,79,5
b0cc9f8d06e4,143,5
a9e3d186cd1b,499,5
7663aba8d762,445,5
bc73ce76ec43,93,5
721214151233,47,5
82deb07a6618,409,5
d97911a32918,342,5
115e42dd6a81,322,5
a1872f9c0cba,352,5
ad93d88c87ea,577,5
aa6242f9e08c,222,5
d7ab5c040294,538,5
0231642cf1c2,256,5
4d17559ac1e2,382,5
4f20f9a9a65b,180,5
50d8249f7bc9,351,5
0a1076183736,54,5
881ec6186e68,318,5
5b76117c4bcb,344,5
441affbe99aa,12,5
24f3e70f0419,121,5
1968183f0e61,206,5
1006345f70b7,155,5
fefded6bf135,197,5
e7a7187066ad,457,5
d1afdb8cf70d,230,5
8dfff47b06b7,401,5
071435a218ec,247,5
ed6bd9293a89,594,5
cd3fd04d72f5,397,5
a4359815f152,150,5
43fb6eda9b97,301,5
595446774178,344,5
40527a5e95dd,253,5
e9ff9352ccb3,303,5
7b691d9ced34,285,5
1b4625877527,478,5
4cddfc22b0ad,423,5
3a6e9730b298,117,5
070d4ce5fd90,489,5
29f9e1ac9507,489,5
e65a2ff90494,137,5
fd4c946c52bf,581,5
388279491b5d,489,5
f71bea807c96,147,5
d2fb715b0c41,135,5
26463a5fb949,68,5
76cb010f7aa0,317,5
720b5f62ce80,523,5
29bc0e721cfe,1,5
05113073b268,284,5
1d29cb2f4296,216,5
0cae727cf119,541,5
338326891d84,505,5
835b9f6e12ba,588,5
5889a0c75cac,69,5
22449af52060,7,5
8ed586c43023,23,5
81b0a2651c45,129,5
b310bd564329,89,5
e3e490babc0c,98,5
8958a4d17b7e,455,5
9cf7c1349673,355,5
5e7cc6ab4ac4,335,5
76b950c6ed5e,501,5
72595230840c,76,5
478fc46eaa49,47,5
b7983cb3f270,596,5
5bf6f2958e53,21,5
f9d52509c571,242,5
7fe7309d0b4f,567,5
374535e0adb8,1,5
e93394175a19,131,5
76cab26493f1,188,5
5fcff7280019,118,5
5c817060c0ed,270,5
624fb7317106,480,5
fcc55ae641ae,446,5
3810040096cb,143,5
d85a842d20bd,308,5
f481f76a6b75,231,5
6f0463c1ff18,257,5
f7e9fa75c7c1,595,5
bb11db08584a,49,5
4fef9ed8a4c5,481,5
ff631653374e,221,5
0d0a21fd354f,237,5
e13412678eff,188,5
525d0dd8dc45,330,5
fbcbc81cf9be,113,5
0fb560f9adb2,171,5
6f4e0538d1e4,41,5
75ed83dbccce,145,5
8f318a978844,80,5
ee36ca728641,243,5
31360e44ac64,180,5
a14fcf84bfe1,196,5
ac81fc200162,120,5
d6f6bdfd8011,297,5
be7f791a7877,515,5
8871e6a26596,378,5
0d0b8fc9ab5c,184,5
fb88d23fc5fe,553,5
ff59d44a70a7,557,5
315c1a0d87fd,600,5
da9574d35b82,194,5
6c3589d7ed8d,182,5
9dab2e6ba44b,4,5
7c3747c0b2c3,504,5
f4de9620e3f2,294,5
a7b7dc8788b9,463,5
0ef4c61dc056,370,5
58059e73d2d4,534,5
6cd606dc52e9,207,5
a3475dc3ac80,164,5
b3f31c371e59,338,5
2cbfc6182ba2,302,5
510aa0a898fa,214,5
a07efb1ecfc0,527,5
6bf2a81a5d91,509,5
97d02a9b94f7,551,5
0fcfc6301f3d,278,5
7005be54cab1,467,5
98f7136d2e7a,448,5
ca7570c5925c,204,5
6cbc3dad809c,260,5
f35d80bb1a22,353,5
2017cd92c63d,90,5
415d5c5e785f,272,5
3ca637fddd56,374,5
12b57dac703e,138,5
e96bd80a8a53,82,5
c38dec54a9f7,201,5
a56729de89e9,160,5
d3de0d313d61,249,5
e97ecf4355cb,503,5
60f15dd68d30,20,5
f30f203ef51e,215,5
a7b0d0c51731,460,5
a04fb36db784,480,5
a9c7b83caf81,14,5
eeb231c3ef1f,358,5
6cb98da77e3e,478,5
849a91e9ab28,41,5
ee74c3b177e0,94,5
aa60813e1a8d,176,5
61ac9b0dc6b9,207,5
72606afaf3da,229,5
750e0168399d,352,5
4da6e2089d57,215,5
a30a143a53a3,30,5
28dc010a0780,224,5
6377e23928f6,282,5
96a9706b8534,469,5
d6130f2ec903,254,5
6c250a30593b,486,5
80ed04a84a16,523,5
0ada12c0e78f,83,5
8543a801dce0,389,5
4f0866b90c27,16,5
582f739b8f62,300,5
e85d410d6836,64,5
50a2aef380c8,373,5
81704925f759,528,5
942f544c4e15,549,5
26d60db3bbfd,449,5
89ed6a0dd53f,435,5
d6283ded6aea,375,5
bb7e0a2544cd,421,5
eb6b1f1c09db,397,5
b60dbf9f0744,73,5
4e231670b48c,369,5
08752092140d,425,5
883c6a184f16,109,5
692e946b1f85,228,5
09934421c79e,220,5
949710bead24,266,5
42b93b574f23,136,5
7f60f2a083d3,358,5
302bcdb635ff,465,5
b2ffa3e18559,134,5
50840c36f0b4,142,5
e83d315d8f98,154,5
657859f893d9,190,5
f85fd4fac887,276,5
2241b7e90782,15,5
042470a92154,425,5
3d663a6a50a3,348,5
38e111cac46f,472,5
afc744fad65e,334,5
e0d229db881a,67,5
6987804eb464,163,5
22d843b2bbd1,497,5
840527bc6628,115,5
906d02fb822d,444,5
2b074afdf626,488,5
3a1d3ce00f0c,407,5
e06d3d4733f0,78,5
d91635f380b4,529,5
767d777ee889,525,5
76cfe8967f7d,6,5
7427dedafccf,10,5
6e73acb2cf60,330,5
1b329a127307,293,5
70d657f8f503,174,5
7b87b0015282,353,5
6dc0281f11e3,566,5
d1fb4efb117c,368,5
1f0e223b8055,392,5
d881c04f01fe,564,5
cbc2e57447c2,360,5
1c9521878baf,11,5
1b398c0494d1,109,5
682312e82ee3,73,5
81bc03e2ff2b,458,5
999ad827ed35,579,5
a66c3165876f,172,5
436e1793d240,170,5
fa748b57262b,320,5
cfed7c1172ec,221,5
29d059522fa1,185,5
6a244e855d0e,100,5
86baef833ae0,141,5
91b6ebaa3678,415,5
f952ad2e4356,500,5
fd62bd0db4f1,170,5
b66f23ffa730,574,5
6b66b0e86f7e,551,5
a963ac561580,570,5
a96ff96bbae5,103,5
540e4973829e,543,5
f2ee81781411,217,5
ecad6845f630,386,5
4c6c5a1bf5ab,31,5
42b9c1977681,225,5
76fe19ff64fb,196,5
75a7bc945b7d,446,5
8bbd7835e9aa,309,5
613028ede6a0,174,5
a505981d1cab,248,5
40c24aded50c,597,5
fc8fce67fbf8,548,5
c6a8f8f998a2,183,5
c40976189f22,219,5
ba4d2c4b3039,466,5
dccdf750c962,201,5
1f15ca672675,168,5
1bea04b2bb2d,51,5
1509d097b69a,594,5
cf603a9ef2d5,321,5
80a02014b418,6,5
7116128c65ab,458,5
76df141d966b,536,5
37de05ef12a5,324,5
ce6f33a81ad5,298,5
7f2123bc89a3,42,5
02cd34a85b24,96,5
7214fc7cbe03,529,5
a0adbe677508,353,5
5b804948e35f,518,5
10de500cf0c5,372,5
248139c423c4,60,5
33b978734eab,229,5
da9fe02dead3,365,5
68ddb15a74de,342,5
1e036f2e7095,310,5
3b5dffe159b6,21,5
eebd1e195952,505,5
86410aa13b3e,592,5
565f3404f9b2,587,5
6c6efb6b1358,111,5
15f440753916,250,5
b05922e7abd3,273,5
05339950962e,560,5
64a13949e879,258,5
882a71de424e,41,5
3c53198519f7,427,5
495255c7492f,424,5
89fc080f7e83,208,5
73ba798fee25,199,5
6fe67482bfae,258,5
e5d56f4f359b,247,5
76c0c7e1b6cb,319,5
032d7b0b4bf6,240,5
43823561c3f0,398,5
e2c39ed0c941,124,5
351e842842a2,294,5
43e9c66eb0f3,32,5
ec6f1797a25a,85,5
49d69c4c6290,439,5
383e72af1955,319,5
53c874dbc594,184,5
5a11d21c2828,522,5
4e8585a96739,473,5
38f1901f214a,105,5
9ab18a4a957f,513,5
87a9f4d20f07,270,5
83517eaeccb9,572,5
ac720570dd0f,120,5
3ccf96c1dd6d,377,5
295fdc964f6e,431,5
0243404e8a00,198,5
3325b1fe55d2,575,5
7569ac24762e,545,5
f5c953bee7cd,394,5
969f92a390db,345,5
f4c7ae514c54,42,5
14c3b41d289c,325,5
c98f623d08d1,579,5
c280730cc211,134,5
d66ccb75ada1,234,5
dad71ba27a9b,52,5
2c2aa057afc5,244,5
79ade634c633,220,5
2665f72e2dd3,13,5
f0c0f7b5e820,265,5
460893cd86e3,556,5
96793edb1003,330,5
891392c9683c,119,5
e4f12411fd85,2,5
3f98be586fe3,598,5
b49b2fac2514,471,5
4c78d9d18da9,309,5
cb39761f0712,212,5
be7bc89f5fec,15,5
04a6fc58dabc,41,5
b6bfe9db60e5,250,5
aea59ebec445,81,5
186c1835eec5,228,5
27b68863349f,330,5
408ea9d5e082,116,5
d10ef306996b,302,5
6b00cb764237,437,5
84a72e15b23c,54,5
ec4649213ccf,437,5
72a867980067,473,5
ae57c8630249,268,5
6363b360aefb,247,5
683023cda6a5,132,5
3601dac9bed7,290,5
b4b04d81acbb,354,5
dd3dad6ca78f,481,5
c2a58b2cfd0b,346,5
8344c783da65,592,5
2f5c9cdfb333,45,5
e322acd46152,509,5
c64c0966b4cf,552,5
37c4dfe03aba,18,5
c3acf47700ea,320,5
7a0cff4c24b2,141,5
d866c26d76f0,42,5
0024cdab0c1e,412,5
19e350c7c83c,479,5
d26bb2ed6e71,498,5
ef476be214d4,520,5
857002ed4e49,115,5
08bef347f40d,275,5
501c319f7a9f,86,5
eabc7c716255,410,5
09f1111a388a,520,5
27f82ada84ac,391,5
1a369baf9ee6,213,5
7e160c8b611e,415,5
51405d042000,206,5
4d7d6928534a,448,5
917f76f360b6,4,5
9f1efb799b7b,469,5
beb00fa6e7c9,198,5
837acf120946,254,5
fda39982a810,235,5
4689b739d240,483,5
61c667663f2f,272,5
cb68fce07789,200,5
1a1b4b2450ca,259,5
190a309f2cc5,530,5
2da82d14e1b7,242,5
4982378d72f9,497,5
f5e6226bd2e0,277,5
d801c0a66738,444,5
65a7fe9482fe,185,5
f0546a45ef10,160,5
b5834ee64541,250,5
5f51192841f7,236,5
fb61230b99dd,451,5
ad1f7445b1a8,162,5
90c982cc2d96,292,5
06024377d573,15,5
6a2c3f4ef329,387,5
fecf4c5ae84b,485,5
98e8adcf085c,417,5
eb175669d789,550,5
2cef97083e6f,375,5
4ad8d3ec8789,534,5
aeccef0bdc26,157,5
58ccba7eec9c,304,5
04d029cfb612,301,5
8dc22e65c06f,110,5
f09fd9433dff,270,5
1ffaa51a6245,17,5
6155cf375354,346,5
0cb14014117d,417,5
00cb6555d108,467,5
f03d3c4ce7fb,380,5
fa7fa797c650,315,5
e26d8718ca58,187,5
ec01f0862669,270,5
ceb601fe8dba,402,5
afc345cc9145,204,5
d774692d9919,175,5
b960142a8de7,16,5
49a4765f8822,196,5
1d11794057ff,391,5
84e8c62165b5,417,5
03676c71ed1b,575,5
a6356a3c5d11,291,5
